HLA-DPB1,AAFA,01:01,0.299874895409305
HLA-DPB1,AAFA,02:01,0.130325784526962
HLA-DPB1,AAFA,02:02,0.001716612330126
HLA-DPB1,AAFA,03:01,0.0549459095620571
HLA-DPB1,AAFA,04:01,0.10033386955593
HLA-DPB1,AAFA,04:02,0.1289507147892
HLA-DPB1,AAFA,05:01,0.0052030659498587
HLA-DPB1,AAFA,06:01,0.0035929099909512
HLA-DPB1,AAFA,09:01,0.0009847234672074
HLA-DPB1,AAFA,103:01,2.66141480814e-05
HLA-DPB1,AAFA,10:01,0.0044179485814656
HLA-DPB1,AAFA,112:01,1.33070740407e-05
HLA-DPB1,AAFA,11:01,0.0290493426305425
HLA-DPB1,AAFA,122:01,1.33070740407e-05
HLA-DPB1,AAFA,132:01,1.33070740407e-05
HLA-DPB1,AAFA,13:01,0.0404572206027713
HLA-DPB1,AAFA,143:01,2.66141480814e-05
HLA-DPB1,AAFA,14:01,0.0044056612662568
HLA-DPB1,AAFA,155:01,5.32282961617e-05
HLA-DPB1,AAFA,15:01,0.0038989725191508
HLA-DPB1,AAFA,16:01,0.0014105498414263
HLA-DPB1,AAFA,17:01,0.0726242736742946
HLA-DPB1,AAFA,18:01,0.0635013573215521
HLA-DPB1,AAFA,19:01,0.0030340127077225
HLA-DPB1,AAFA,200:01,1.33070740406e-05
HLA-DPB1,AAFA,20:01,0.0011577154340922
HLA-DPB1,AAFA,21:01,3.99212221221e-05
HLA-DPB1,AAFA,23:01,0.0008915732000156
HLA-DPB1,AAFA,249:01,1.33070740407e-05
HLA-DPB1,AAFA,264:01,1.33070740406e-05
HLA-DPB1,AAFA,26:01,0.0002661595140019
HLA-DPB1,AAFA,27:01,0.0002262202586895
HLA-DPB1,AAFA,28:01,0.0007851173651921
HLA-DPB1,AAFA,29:01,0.0024884222637368
HLA-DPB1,AAFA,30:01,0.0054692074306699
HLA-DPB1,AAFA,34:01,0.0011843295663589
HLA-DPB1,AAFA,35:01,0.0001463778144461
HLA-DPB1,AAFA,39:01,0.0057893198150628
HLA-DPB1,AAFA,40:01,0.0132664098474846
HLA-DPB1,AAFA,46:01,0.0004391334414807
HLA-DPB1,AAFA,47:01,2.66141480811e-05
HLA-DPB1,AAFA,49:01,0.0003459839250545
HLA-DPB1,AAFA,50:01,1.33070740407e-05
HLA-DPB1,AAFA,51:01,2.66141480811e-05
HLA-DPB1,AAFA,52:01,2.66141480814e-05
HLA-DPB1,AAFA,53:01,0.0002262202586892
HLA-DPB1,AAFA,55:01,0.0005855112577847
HLA-DPB1,AAFA,57:01,5.32282744714e-05
HLA-DPB1,AAFA,59:01,3.99212221194e-05
HLA-DPB1,AAFA,61:01N,0.0004125192952572
HLA-DPB1,AAFA,62:01,1.33070740407e-05
HLA-DPB1,AAFA,63:01,0.000585510725684
HLA-DPB1,AAFA,65:01,1.33070740406e-05
HLA-DPB1,AAFA,69:01,7.98424442134e-05
HLA-DPB1,AAFA,71:01,9.31495165901e-05
HLA-DPB1,AAFA,72:01,2.66141480811e-05
HLA-DPB1,AAFA,74:01,0.0001197636663159
HLA-DPB1,AAFA,80:01,0.0003459839061352
HLA-DPB1,AAFA,85:01,0.015848725182307
HLA-DPB1,AAFA,86:01,2.66141480814e-05
HLA-DPB1,AAFA,88:01,1.33070740406e-05
HLA-DPB1,AAFA,91:01,1.33070740407e-05
HLA-DPB1,AFA,01:01,0.300375806089862
HLA-DPB1,AFA,02:01,0.133299718139901
HLA-DPB1,AFA,02:02,0.0016963278307648
HLA-DPB1,AFA,03:01,0.0545452819346755
HLA-DPB1,AFA,04:01,0.0975466609593143
HLA-DPB1,AFA,04:02,0.129919004173251
HLA-DPB1,AFA,05:01,0.0049532782753673
HLA-DPB1,AFA,06:01,0.0032375634911406
HLA-DPB1,AFA,09:01,0.0013182893257336
HLA-DPB1,AFA,103:01,2.9079911597e-05
HLA-DPB1,AFA,10:01,0.0042844403086345
HLA-DPB1,AFA,110:01,9.6933038653e-06
HLA-DPB1,AFA,112:01,9.6933038653e-06
HLA-DPB1,AFA,11:01,0.0292834709782482
HLA-DPB1,AFA,122:01,9.6933038653e-06
HLA-DPB1,AFA,132:01,9.6933038653e-06
HLA-DPB1,AFA,13:01,0.0398571685752967
HLA-DPB1,AFA,143:01,1.93866077317e-05
HLA-DPB1,AFA,14:01,0.0046931231131892
HLA-DPB1,AFA,155:01,3.87732154623e-05
HLA-DPB1,AFA,156:01,9.6933038653e-06
HLA-DPB1,AFA,15:01,0.0047208668254125
HLA-DPB1,AFA,16:01,0.0013402526906632
HLA-DPB1,AFA,17:01,0.0720948975807774
HLA-DPB1,AFA,18:01,0.0621825442983989
HLA-DPB1,AFA,19:01,0.0029661509829011
HLA-DPB1,AFA,200:01,9.6933038657e-06
HLA-DPB1,AFA,20:01,0.0009790235853753
HLA-DPB1,AFA,21:01,2.9079911597e-05
HLA-DPB1,AFA,23:01,0.0008142375247176
HLA-DPB1,AFA,249:01,9.6933038653e-06
HLA-DPB1,AFA,264:01,9.6933038657e-06
HLA-DPB1,AFA,26:01,0.0004168783047026
HLA-DPB1,AFA,27:01,0.0002229459889109
HLA-DPB1,AFA,28:01,0.0006688379608754
HLA-DPB1,AFA,290:01,9.6933038653e-06
HLA-DPB1,AFA,29:01,0.0024915703385501
HLA-DPB1,AFA,30:01,0.0057190492807571
HLA-DPB1,AFA,34:01,0.0012504361953554
HLA-DPB1,AFA,35:01,0.0001357062541194
HLA-DPB1,AFA,39:01,0.0058166526974141
HLA-DPB1,AFA,40:01,0.0132500760063972
HLA-DPB1,AFA,45:01,9.6933038657e-06
HLA-DPB1,AFA,46:01,0.0003586522073951
HLA-DPB1,AFA,47:01,6.78531255056e-05
HLA-DPB1,AFA,48:01,9.6933038653e-06
HLA-DPB1,AFA,49:01,0.000436198673956
HLA-DPB1,AFA,50:01,9.6933038653e-06
HLA-DPB1,AFA,51:01,2.90799115463e-05
HLA-DPB1,AFA,52:01,1.93866077317e-05
HLA-DPB1,AFA,53:01,0.0001938660125559
HLA-DPB1,AFA,54:01,2.9079911597e-05
HLA-DPB1,AFA,55:01,0.0009402499085894
HLA-DPB1,AFA,57:01,3.87731870243e-05
HLA-DPB1,AFA,59:01,2.90799115932e-05
HLA-DPB1,AFA,60:01,2.90799114235e-05
HLA-DPB1,AFA,61:01N,0.0003392656352989
HLA-DPB1,AFA,62:01,9.6933038653e-06
HLA-DPB1,AFA,63:01,0.0006397580551353
HLA-DPB1,AFA,65:01,9.6933038657e-06
HLA-DPB1,AFA,69:01,7.75464309234e-05
HLA-DPB1,AFA,71:01,9.69323142194e-05
HLA-DPB1,AFA,72:01,1.93866077314e-05
HLA-DPB1,AFA,74:01,8.72397347101e-05
HLA-DPB1,AFA,75:01,9.6933038653e-06
HLA-DPB1,AFA,80:01,0.0003974252580511
HLA-DPB1,AFA,81:01,9.6933038653e-06
HLA-DPB1,AFA,83:01,9.6933038653e-06
HLA-DPB1,AFA,85:01,0.0157419254786485
HLA-DPB1,AFA,86:01,1.93866077317e-05
HLA-DPB1,AFA,88:01,9.6933038657e-06
HLA-DPB1,AFA,91:01,9.6933038653e-06
HLA-DPB1,AFA,95:01,9.6933038653e-06
HLA-DPB1,AFA,98:01,1.93866077317e-05
HLA-DPB1,AFB,01:01,0.287606645690848
HLA-DPB1,AFB,02:01,0.15592725634296
HLA-DPB1,AFB,02:02,0.001347103726987
HLA-DPB1,AFB,03:01,0.0571305147718731
HLA-DPB1,AFB,04:01,0.0861023798825553
HLA-DPB1,AFB,04:02,0.13414907942709
HLA-DPB1,AFB,05:01,0.0037045342688935
HLA-DPB1,AFB,06:01,0.0010103277950134
HLA-DPB1,AFB,09:01,0.0030309833857209
HLA-DPB1,AFB,10:01,0.0029187247418051
HLA-DPB1,AFB,11:01,0.0316569375832931
HLA-DPB1,AFB,13:01,0.0340143691061824
HLA-DPB1,AFB,14:01,0.0050607739466554
HLA-DPB1,AFB,15:01,0.0099910181335321
HLA-DPB1,AFB,16:01,0.0005612932189584
HLA-DPB1,AFB,17:01,0.076448136482861
HLA-DPB1,AFB,18:01,0.054782218230276
HLA-DPB1,AFB,19:01,0.0016838796568707
HLA-DPB1,AFB,20:01,0.0002245172878312
HLA-DPB1,AFB,23:01,0.0002245172878311
HLA-DPB1,AFB,26:01,0.0003367759317467
HLA-DPB1,AFB,28:01,0.0003367759317467
HLA-DPB1,AFB,290:01,0.0001122586439161
HLA-DPB1,AFB,29:01,0.001683879658733
HLA-DPB1,AFB,30:01,0.0105523049438223
HLA-DPB1,AFB,34:01,0.0022451728783116
HLA-DPB1,AFB,35:01,0.0001122586439161
HLA-DPB1,AFB,39:01,0.0056129321880783
HLA-DPB1,AFB,40:01,0.0108890884598011
HLA-DPB1,AFB,45:01,0.0001122586439156
HLA-DPB1,AFB,47:01,0.000449034575661
HLA-DPB1,AFB,49:01,0.0011225864391558
HLA-DPB1,AFB,53:01,0.0002245172878312
HLA-DPB1,AFB,54:01,0.0003367759317472
HLA-DPB1,AFB,55:01,0.0028064660978895
HLA-DPB1,AFB,60:01,0.0003367759317467
HLA-DPB1,AFB,61:01N,0.0001122586439161
HLA-DPB1,AFB,63:01,0.000785810507409
HLA-DPB1,AFB,69:01,0.0001122586439161
HLA-DPB1,AFB,71:01,0.0002245172878311
HLA-DPB1,AFB,80:01,0.0003367759317467
HLA-DPB1,AFB,81:01,0.0001122586439161
HLA-DPB1,AFB,85:01,0.0132465199560123
HLA-DPB1,AFB,98:01,0.0002245172878311
HLA-DPB1,AINDI,01:01,0.0208443019190889
HLA-DPB1,AINDI,02:01,0.216171797138681
HLA-DPB1,AINDI,02:02,0.0011727693150633
HLA-DPB1,AINDI,03:01,0.0501007672090636
HLA-DPB1,AINDI,04:01,0.364598369092493
HLA-DPB1,AINDI,04:02,0.0734496643529464
HLA-DPB1,AINDI,05:01,0.0106734312912398
HLA-DPB1,AINDI,06:01,0.0001196573014848
HLA-DPB1,AINDI,09:01,0.0540886998650448
HLA-DPB1,AINDI,100:01,9.57258411908e-05
HLA-DPB1,AINDI,108:01,2.39314602977e-05
HLA-DPB1,AINDI,109:01,7.17943808931e-05
HLA-DPB1,AINDI,10:01,0.0096443784970391
HLA-DPB1,AINDI,113:01,2.39314602977e-05
HLA-DPB1,AINDI,11:01,9.57257158051e-05
HLA-DPB1,AINDI,125:01,0.0001435887617862
HLA-DPB1,AINDI,139:01,7.17943808931e-05
HLA-DPB1,AINDI,13:01,0.0661564714240105
HLA-DPB1,AINDI,14:01,0.0432057306460037
HLA-DPB1,AINDI,150:01,7.17943808934e-05
HLA-DPB1,AINDI,15:01,0.0066529459627346
HLA-DPB1,AINDI,16:01,0.0043325488541314
HLA-DPB1,AINDI,17:01,0.0186487059526941
HLA-DPB1,AINDI,18:01,4.78629205954e-05
HLA-DPB1,AINDI,19:01,0.0011965730148853
HLA-DPB1,AINDI,20:01,0.0001435887617862
HLA-DPB1,AINDI,21:01,0.0021298999349731
HLA-DPB1,AINDI,23:01,0.0013162303163661
HLA-DPB1,AINDI,25:01,2.39314602978e-05
HLA-DPB1,AINDI,26:01,0.0482936868298904
HLA-DPB1,AINDI,28:01,0.0025606662513923
HLA-DPB1,AINDI,29:01,0.0005504235868472
HLA-DPB1,AINDI,30:01,7.17943808931e-05
HLA-DPB1,AINDI,31:01,0.0001196573014886
HLA-DPB1,AINDI,34:01,2.39314602977e-05
HLA-DPB1,AINDI,36:01,2.39314602977e-05
HLA-DPB1,AINDI,38:01,4.78629205954e-05
HLA-DPB1,AINDI,39:01,4.78629205956e-05
HLA-DPB1,AINDI,40:01,2.39314602977e-05
HLA-DPB1,AINDI,45:01,0.0005743550471112
HLA-DPB1,AINDI,46:01,0.0002632460632747
HLA-DPB1,AINDI,48:01,4.78629205956e-05
HLA-DPB1,AINDI,50:01,7.17943806628e-05
HLA-DPB1,AINDI,51:01,0.0002153821261335
HLA-DPB1,AINDI,52:01,2.39314602978e-05
HLA-DPB1,AINDI,63:01,2.39314602978e-05
HLA-DPB1,AINDI,65:01,7.17943805072e-05
HLA-DPB1,AINDI,66:01,4.78629205954e-05
HLA-DPB1,AINDI,71:01,9.57258411908e-05
HLA-DPB1,AINDI,72:01,2.39314602977e-05
HLA-DPB1,AINDI,78:01,7.17943806628e-05
HLA-DPB1,AINDI,81:01,2.39314602978e-05
HLA-DPB1,AINDI,85:01,2.39314602977e-05
HLA-DPB1,AINDI,91:01,0.0003829033647634
HLA-DPB1,AINDI,92:01,2.39314602978e-05
HLA-DPB1,AINDI,93:01,0.0009333269516105
HLA-DPB1,AISC,01:01,0.0575959921043985
HLA-DPB1,AISC,02:01,0.11519198644113
HLA-DPB1,AISC,02:02,0.0116861435726211
HLA-DPB1,AISC,03:01,0.0759599332220344
HLA-DPB1,AISC,04:01,0.34056761268018
HLA-DPB1,AISC,04:02,0.22704507511993
HLA-DPB1,AISC,05:01,0.0300500834724544
HLA-DPB1,AISC,06:01,0.005008347245409
HLA-DPB1,AISC,09:01,0.0058430717863105
HLA-DPB1,AISC,10:01,0.015859766239811
HLA-DPB1,AISC,11:01,0.011686143572621
HLA-DPB1,AISC,13:01,0.0258764543002296
HLA-DPB1,AISC,14:01,0.0242070116861432
HLA-DPB1,AISC,15:01,0.0041736226723206
HLA-DPB1,AISC,16:01,0.0016694490818034
HLA-DPB1,AISC,17:01,0.0258764607679466
HLA-DPB1,AISC,18:01,0.0041736227045076
HLA-DPB1,AISC,19:01,0.0033388981636059
HLA-DPB1,AISC,20:01,0.0041736226642122
HLA-DPB1,AISC,23:01,0.005008347245409
HLA-DPB1,AISC,26:01,0.0008347245409017
HLA-DPB1,AISC,28:01,0.0008347245409017
HLA-DPB1,AISC,30:01,0.0008347245409017
HLA-DPB1,AISC,49:01,0.0016694490818034
HLA-DPB1,AISC,85:01,0.0008347245409017
HLA-DPB1,ALANAM,01:01,0.0754475703324808
HLA-DPB1,ALANAM,02:01,0.160485933502061
HLA-DPB1,ALANAM,02:02,0.0070332480818416
HLA-DPB1,ALANAM,03:01,0.0959079283887472
HLA-DPB1,ALANAM,04:01,0.349104859331216
HLA-DPB1,ALANAM,04:02,0.157289002557545
HLA-DPB1,ALANAM,05:01,0.0230179028132985
HLA-DPB1,ALANAM,06:01,0.0070332480818416
HLA-DPB1,ALANAM,09:01,0.0070332480818414
HLA-DPB1,ALANAM,10:01,0.0204603580562656
HLA-DPB1,ALANAM,11:01,0.0095907928388747
HLA-DPB1,ALANAM,13:01,0.016624040920716
HLA-DPB1,ALANAM,14:01,0.0134271096694795
HLA-DPB1,ALANAM,15:01,0.0063938618925831
HLA-DPB1,ALANAM,16:01,0.004475703324808
HLA-DPB1,ALANAM,17:01,0.0140664961636832
HLA-DPB1,ALANAM,18:01,0.0051150895140664
HLA-DPB1,ALANAM,19:01,0.004475703324808
HLA-DPB1,ALANAM,20:01,0.0057544757033248
HLA-DPB1,ALANAM,23:01,0.0051150895140664
HLA-DPB1,ALANAM,28:01,0.0019181585677752
HLA-DPB1,ALANAM,29:01,0.0006393861892584
HLA-DPB1,ALANAM,34:01,0.0012787723785168
HLA-DPB1,ALANAM,35:01,0.0012787723785168
HLA-DPB1,ALANAM,40:01,0.0006393861892584
HLA-DPB1,ALANAM,41:01,0.0019181585677752
HLA-DPB1,ALANAM,45:01,0.0006393861892584
HLA-DPB1,ALANAM,51:01,0.0006393861892584
HLA-DPB1,ALANAM,78:01,0.0006393861892584
HLA-DPB1,ALANAM,81:01,0.0006393861892584
HLA-DPB1,ALANAM,85:01,0.0019181585677752
HLA-DPB1,AMIND,01:01,0.0546548079507401
HLA-DPB1,AMIND,02:01,0.129968616936498
HLA-DPB1,AMIND,02:02,0.0052301255229172
HLA-DPB1,AMIND,03:01,0.0941422454714486
HLA-DPB1,AMIND,04:01,0.380230119260485
HLA-DPB1,AMIND,04:02,0.180439327972791
HLA-DPB1,AMIND,05:01,0.0311192465107719
HLA-DPB1,AMIND,06:01,0.0094142256950095
HLA-DPB1,AMIND,09:01,0.0052301255230126
HLA-DPB1,AMIND,10:01,0.0151673640103391
HLA-DPB1,AMIND,11:01,0.0135983263486726
HLA-DPB1,AMIND,13:01,0.0219665271954426
HLA-DPB1,AMIND,14:01,0.0125523132706198
HLA-DPB1,AMIND,15:01,0.0044456014386805
HLA-DPB1,AMIND,16:01,0.0054916317991632
HLA-DPB1,AMIND,17:01,0.0109832635032772
HLA-DPB1,AMIND,18:01,0.0033995815899157
HLA-DPB1,AMIND,19:01,0.0065376568550946
HLA-DPB1,AMIND,20:01,0.0052301245667686
HLA-DPB1,AMIND,23:01,0.0047071128475048
HLA-DPB1,AMIND,26:01,0.0013075310403865
HLA-DPB1,AMIND,35:01,0.0002615062761504
HLA-DPB1,AMIND,39:01,0.0002615062761504
HLA-DPB1,AMIND,40:01,0.0005230125523017
HLA-DPB1,AMIND,46:01,0.0002615062761504
HLA-DPB1,AMIND,49:01,0.0002615062761504
HLA-DPB1,AMIND,51:01,0.0007845188284521
HLA-DPB1,AMIND,71:01,0.0002615062761504
HLA-DPB1,AMIND,79:01,0.0002615062761506
HLA-DPB1,AMIND,85:01,0.0013075310573965
HLA-DPB1,API,01:01,0.0460950246378482
HLA-DPB1,API,02:01,0.174917998792374
HLA-DPB1,API,02:02,0.033722289594466
HLA-DPB1,API,03:01,0.0519549568661096
HLA-DPB1,API,04:01,0.198490979524952
HLA-DPB1,API,04:02,0.0535643142080703
HLA-DPB1,API,05:01,0.227260897606229
HLA-DPB1,API,06:01,0.0005026450666626
HLA-DPB1,API,08:01,8.24008306e-06
HLA-DPB1,API,09:01,0.0328400760898707
HLA-DPB1,API,100:01,0.0002060020764936
HLA-DPB1,API,108:01,8.24008306e-06
HLA-DPB1,API,109:01,3.29603322401e-05
HLA-DPB1,API,10:01,0.0051418117626092
HLA-DPB1,API,113:01,8.24008306e-06
HLA-DPB1,API,115:01,8.24008306e-06
HLA-DPB1,API,116:01,1.648016612e-05
HLA-DPB1,API,11:01,0.000436724402182
HLA-DPB1,API,125:01,6.59205214639e-05
HLA-DPB1,API,139:01,2.47202491801e-05
HLA-DPB1,API,13:01,0.0711222756450327
HLA-DPB1,API,140:01,8.24008306e-06
HLA-DPB1,API,14:01,0.0313767594511616
HLA-DPB1,API,150:01,4.12004153e-05
HLA-DPB1,API,15:01,0.0031394716444609
HLA-DPB1,API,166:01,4.12004152878e-05
HLA-DPB1,API,16:01,0.0018872630043845
HLA-DPB1,API,17:01,0.015584640089382
HLA-DPB1,API,18:01,0.0001153611321337
HLA-DPB1,API,19:01,0.0049193295868421
HLA-DPB1,API,209:01,8.24008306e-06
HLA-DPB1,API,20:01,0.0001400814113671
HLA-DPB1,API,21:01,0.0140327687079393
HLA-DPB1,API,22:01,1.648016612e-05
HLA-DPB1,API,23:01,0.0006921669733462
HLA-DPB1,API,24:01,8.24008306e-06
HLA-DPB1,API,25:01,4.944049836e-05
HLA-DPB1,API,26:01,0.0212841345379234
HLA-DPB1,API,28:01,0.0034361146360355
HLA-DPB1,API,29:01,0.0006015260292264
HLA-DPB1,API,30:01,9.06408559532e-05
HLA-DPB1,API,31:01,0.0016315364458874
HLA-DPB1,API,32:01,4.7103325493e-06
HLA-DPB1,API,33:01,8.24008306e-06
HLA-DPB1,API,34:01,2.47202489125e-05
HLA-DPB1,API,357:01N,8.24008306e-06
HLA-DPB1,API,35:01,8.24008306e-06
HLA-DPB1,API,36:01,0.0002801628231416
HLA-DPB1,API,38:01,0.000824008306004
HLA-DPB1,API,39:01,4.12004153e-05
HLA-DPB1,API,40:01,3.29603322401e-05
HLA-DPB1,API,41:01,0.0007251267552951
HLA-DPB1,API,45:01,0.0003955239809411
HLA-DPB1,API,46:01,0.0001153611628405
HLA-DPB1,API,47:01,0.0002224822426213
HLA-DPB1,API,48:01,0.0006427264786826
HLA-DPB1,API,50:01,3.29603322401e-05
HLA-DPB1,API,51:01,0.0001071210740764
HLA-DPB1,API,52:01,8.24008306e-06
HLA-DPB1,API,55:01,2.472024918e-05
HLA-DPB1,API,56:01,8.24008306e-06
HLA-DPB1,API,57:01,1.648016612e-05
HLA-DPB1,API,63:01,1.648016612e-05
HLA-DPB1,API,65:01,4.94404983602e-05
HLA-DPB1,API,66:01,1.64801661201e-05
HLA-DPB1,API,68:01,8.24008306e-06
HLA-DPB1,API,71:01,4.94404983602e-05
HLA-DPB1,API,72:01,8.24008306e-06
HLA-DPB1,API,78:01,3.2960260732e-05
HLA-DPB1,API,80:01,8.24008306e-06
HLA-DPB1,API,81:01,1.648016612e-05
HLA-DPB1,API,82:01,3.5298792914e-06
HLA-DPB1,API,83:01,8.24008306e-06
HLA-DPB1,API,85:01,2.47202486435e-05
HLA-DPB1,API,91:01,0.0001730417442608
HLA-DPB1,API,92:01,8.24008306e-06
HLA-DPB1,API,93:01,0.0005108851160348
HLA-DPB1,CARB,01:01,0.321885795352408
HLA-DPB1,CARB,02:01,0.135033529734146
HLA-DPB1,CARB,02:02,0.0013208697416116
HLA-DPB1,CARB,03:01,0.0495826942105408
HLA-DPB1,CARB,04:01,0.0842308473789987
HLA-DPB1,CARB,04:02,0.13899613830596
HLA-DPB1,CARB,05:01,0.0042674253157318
HLA-DPB1,CARB,06:01,0.0017272912009752
HLA-DPB1,CARB,09:01,0.0014224731173377
HLA-DPB1,CARB,103:01,0.000101605364763
HLA-DPB1,CARB,10:01,0.0038610038401393
HLA-DPB1,CARB,11:01,0.0285511074161445
HLA-DPB1,CARB,13:01,0.0403373290008104
HLA-DPB1,CARB,14:01,0.0052842027571478
HLA-DPB1,CARB,156:01,0.000101605364763
HLA-DPB1,CARB,15:01,0.0036577864724962
HLA-DPB1,CARB,16:01,0.0013208689112636
HLA-DPB1,CARB,17:01,0.0643161951910964
HLA-DPB1,CARB,18:01,0.0565941878864858
HLA-DPB1,CARB,19:01,0.0034545824019511
HLA-DPB1,CARB,20:01,0.000508026823816
HLA-DPB1,CARB,23:01,0.0007112356718862
HLA-DPB1,CARB,26:01,0.0012192643771591
HLA-DPB1,CARB,27:01,0.0002032107295265
HLA-DPB1,CARB,28:01,0.000203210729527
HLA-DPB1,CARB,29:01,0.0037593984067204
HLA-DPB1,CARB,30:01,0.0034545824015991
HLA-DPB1,CARB,34:01,0.0011176590123959
HLA-DPB1,CARB,39:01,0.006705954046125
HLA-DPB1,CARB,40:01,0.0148343831178679
HLA-DPB1,CARB,46:01,0.0001016053647633
HLA-DPB1,CARB,49:01,0.0006096321704681
HLA-DPB1,CARB,53:01,0.000101605364763
HLA-DPB1,CARB,55:01,0.0013208697419224
HLA-DPB1,CARB,61:01N,0.000101605364763
HLA-DPB1,CARB,63:01,0.0009144482828696
HLA-DPB1,CARB,71:01,0.000101605364763
HLA-DPB1,CARB,80:01,0.00030481609429
HLA-DPB1,CARB,85:01,0.0175777280797614
HLA-DPB1,CARB,95:01,0.000101605364763
HLA-DPB1,CARHIS,01:01,0.0921493760184459
HLA-DPB1,CARHIS,02:01,0.146397363172195
HLA-DPB1,CARHIS,02:02,0.0074501769372931
HLA-DPB1,CARHIS,03:01,0.0861519604929305
HLA-DPB1,CARHIS,04:01,0.27766407594398
HLA-DPB1,CARHIS,04:02,0.149438736326029
HLA-DPB1,CARHIS,05:01,0.0139690817592777
HLA-DPB1,CARHIS,06:01,0.0099180480378503
HLA-DPB1,CARHIS,09:01,0.0066120320317958
HLA-DPB1,CARHIS,10:01,0.0211398770058418
HLA-DPB1,CARHIS,11:01,0.0318029425382021
HLA-DPB1,CARHIS,13:01,0.0255168560239784
HLA-DPB1,CARHIS,14:01,0.0360543307377788
HLA-DPB1,CARHIS,153:01,9.31272117714e-05
HLA-DPB1,CARHIS,15:01,0.0060998323710188
HLA-DPB1,CARHIS,16:01,0.0027938156999858
HLA-DPB1,CARHIS,17:01,0.050475317472791
HLA-DPB1,CARHIS,18:01,0.0111752635642062
HLA-DPB1,CARHIS,19:01,0.0057738871287215
HLA-DPB1,CARHIS,20:01,0.0028403799590239
HLA-DPB1,CARHIS,21:01,4.65636058857e-05
HLA-DPB1,CARHIS,23:01,0.0026541252624584
HLA-DPB1,CARHIS,26:01,0.0002793816353138
HLA-DPB1,CARHIS,27:01,0.0028869435648663
HLA-DPB1,CARHIS,28:01,4.65636058857e-05
HLA-DPB1,CARHIS,29:01,0.0024213075059513
HLA-DPB1,CARHIS,30:01,0.0007450176941703
HLA-DPB1,CARHIS,34:01,0.0003725088470851
HLA-DPB1,CARHIS,35:01,0.0002328180294282
HLA-DPB1,CARHIS,39:01,0.0007915808429971
HLA-DPB1,CARHIS,40:01,0.0023747439001672
HLA-DPB1,CARHIS,41:01,4.65636058857e-05
HLA-DPB1,CARHIS,45:01,9.31272117714e-05
HLA-DPB1,CARHIS,46:01,4.65636058857e-05
HLA-DPB1,CARHIS,49:01,4.65636058857e-05
HLA-DPB1,CARHIS,50:01,4.65636058857e-05
HLA-DPB1,CARHIS,51:01,4.65636058857e-05
HLA-DPB1,CARHIS,53:01,0.0001396908176569
HLA-DPB1,CARHIS,55:01,4.65636058857e-05
HLA-DPB1,CARHIS,59:01,4.65636058857e-05
HLA-DPB1,CARHIS,63:01,0.0005587632706228
HLA-DPB1,CARHIS,71:01,4.65636058857e-05
HLA-DPB1,CARHIS,80:01,0.0001862544235428
HLA-DPB1,CARHIS,81:01,4.65636058857e-05
HLA-DPB1,CARHIS,82:01,4.65636058857e-05
HLA-DPB1,CARHIS,85:01,0.0019556714466029
HLA-DPB1,CARHIS,86:01,4.65636058857e-05
HLA-DPB1,CARHIS,99:01,0.0001862544235428
HLA-DPB1,CARIBI,01:01,0.121129545623743
HLA-DPB1,CARIBI,02:01,0.154694078336889
HLA-DPB1,CARIBI,02:02,0.0053257369333664
HLA-DPB1,CARIBI,03:01,0.0854673580984187
HLA-DPB1,CARIBI,04:01,0.236001700030975
HLA-DPB1,CARIBI,04:02,0.150787442841141
HLA-DPB1,CARIBI,05:01,0.0078028238764471
HLA-DPB1,CARIBI,06:01,0.0059450086664885
HLA-DPB1,CARIBI,09:01,0.0054495912804945
HLA-DPB1,CARIBI,10:01,0.0190735693218853
HLA-DPB1,CARIBI,11:01,0.0281149367796038
HLA-DPB1,CARIBI,13:01,0.0300966062512491
HLA-DPB1,CARIBI,14:01,0.0375278670911253
HLA-DPB1,CARIBI,15:01,0.0038394794283766
HLA-DPB1,CARIBI,16:01,0.0026009361043585
HLA-DPB1,CARIBI,17:01,0.0568491447472699
HLA-DPB1,CARIBI,18:01,0.0161010626944375
HLA-DPB1,CARIBI,19:01,0.0069358434082006
HLA-DPB1,CARIBI,20:01,0.0032202130289906
HLA-DPB1,CARIBI,21:01,0.0003715630418628
HLA-DPB1,CARIBI,23:01,0.0013623978201623
HLA-DPB1,CARIBI,26:01,0.0030963586759165
HLA-DPB1,CARIBI,27:01,0.0042110478045324
HLA-DPB1,CARIBI,28:01,0.0001238543472876
HLA-DPB1,CARIBI,29:01,0.002848649319255
HLA-DPB1,CARIBI,30:01,0.0008669804310132
HLA-DPB1,CARIBI,34:01,0.0006192717364379
HLA-DPB1,CARIBI,35:01,0.0002477086945749
HLA-DPB1,CARIBI,39:01,0.0013625205515994
HLA-DPB1,CARIBI,40:01,0.0032202125294384
HLA-DPB1,CARIBI,49:01,0.0003715630418628
HLA-DPB1,CARIBI,53:01,0.0001238543472879
HLA-DPB1,CARIBI,59:01,0.0001238543472879
HLA-DPB1,CARIBI,63:01,0.0007431260837099
HLA-DPB1,CARIBI,69:01,0.0001238543472879
HLA-DPB1,CARIBI,71:01,0.0001238543472876
HLA-DPB1,CARIBI,80:01,0.0001238543472879
HLA-DPB1,CARIBI,85:01,0.0028486499876143
HLA-DPB1,CARIBI,87:01,0.0001238543472879
HLA-DPB1,CAU,01:01,0.0498432781314806
HLA-DPB1,CAU,02:01,0.13820333588916
HLA-DPB1,CAU,02:02,0.0052363965039481
HLA-DPB1,CAU,03:01,0.103862887536202
HLA-DPB1,CAU,04:01,0.426095264014979
HLA-DPB1,CAU,04:02,0.119053809903656
HLA-DPB1,CAU,05:01,0.0198110857397496
HLA-DPB1,CAU,06:01,0.015379614087187
HLA-DPB1,CAU,08:01,6.5980360946e-06
HLA-DPB1,CAU,09:01,0.0071473225994283
HLA-DPB1,CAU,100:01,7.4227906063e-06
HLA-DPB1,CAU,101:01,8.247545118e-07
HLA-DPB1,CAU,102:01,8.247545118e-06
HLA-DPB1,CAU,103:01,1.6495090236e-06
HLA-DPB1,CAU,108:01,6.5980360944e-06
HLA-DPB1,CAU,109:01,3.13406714492e-05
HLA-DPB1,CAU,10:01,0.0157649475952454
HLA-DPB1,CAU,110:01,5.7732815827e-06
HLA-DPB1,CAU,111:01,4.9485467182e-06
HLA-DPB1,CAU,112:01,8.247545118e-06
HLA-DPB1,CAU,113:01,1.6495090236e-06
HLA-DPB1,CAU,115:01,1.56704292302e-05
HLA-DPB1,CAU,116:01,1.15465621008e-05
HLA-DPB1,CAU,11:01,0.0176259611801579
HLA-DPB1,CAU,120:01N,3.2990180472e-06
HLA-DPB1,CAU,122:01,8.247545118e-07
HLA-DPB1,CAU,123:01,5.7732815826e-06
HLA-DPB1,CAU,125:01,8.247545118e-07
HLA-DPB1,CAU,127:01,1.48455812124e-05
HLA-DPB1,CAU,128:01,4.20624801027e-05
HLA-DPB1,CAU,129:01,4.123772559e-06
HLA-DPB1,CAU,130:01,5.44337977797e-05
HLA-DPB1,CAU,132:01,4.1237725591e-06
HLA-DPB1,CAU,136:01,2.4742635354e-06
HLA-DPB1,CAU,137:01,8.247545118e-07
HLA-DPB1,CAU,13:01,0.0183196774969715
HLA-DPB1,CAU,143:01,8.247545118e-07
HLA-DPB1,CAU,144:01,3.2990180472e-06
HLA-DPB1,CAU,145:01,8.247545118e-07
HLA-DPB1,CAU,146:01,3.2990180472e-06
HLA-DPB1,CAU,149:01,4.9485270708e-06
HLA-DPB1,CAU,14:01,0.0140606875684135
HLA-DPB1,CAU,151:01,3.2990180472e-06
HLA-DPB1,CAU,152:01,8.247545118e-07
HLA-DPB1,CAU,154:01N,1.6495090236e-06
HLA-DPB1,CAU,156:01,8.247545118e-07
HLA-DPB1,CAU,157:01,1.6495090236e-06
HLA-DPB1,CAU,158:01,4.123772559e-06
HLA-DPB1,CAU,15:01,0.0070491768125217
HLA-DPB1,CAU,161:01N,8.247545118e-07
HLA-DPB1,CAU,16:01,0.00606029615285
HLA-DPB1,CAU,173:01,8.247545118e-07
HLA-DPB1,CAU,177:01,2.4742635354e-06
HLA-DPB1,CAU,178:01,8.247545118e-07
HLA-DPB1,CAU,17:01,0.0150601390859071
HLA-DPB1,CAU,185:01,8.247545118e-07
HLA-DPB1,CAU,18:01,0.0001072180865368
HLA-DPB1,CAU,191:01,1.6495090236e-06
HLA-DPB1,CAU,19:01,0.0070992960768603
HLA-DPB1,CAU,201:01,8.247545118e-07
HLA-DPB1,CAU,208:01,8.247545118e-07
HLA-DPB1,CAU,209:01,8.247545118e-07
HLA-DPB1,CAU,20:01,0.0050070846412564
HLA-DPB1,CAU,214:01,2.4742635354e-06
HLA-DPB1,CAU,215:01,8.247545118e-07
HLA-DPB1,CAU,21:01,1.89693537721e-05
HLA-DPB1,CAU,220:01,2.4742635354e-06
HLA-DPB1,CAU,22:01,9.0722996298e-06
HLA-DPB1,CAU,235:01,8.247545118e-07
HLA-DPB1,CAU,238:01,1.6495090236e-06
HLA-DPB1,CAU,23:01,0.0061963925477289
HLA-DPB1,CAU,24:01,4.61862526609e-05
HLA-DPB1,CAU,257:01,8.247545118e-07
HLA-DPB1,CAU,25:01,3.29901804729e-05
HLA-DPB1,CAU,26:01,0.0001954668193011
HLA-DPB1,CAU,277:01,8.247545118e-07
HLA-DPB1,CAU,27:01,1.23713126674e-05
HLA-DPB1,CAU,284:01,8.247545118e-07
HLA-DPB1,CAU,28:01,1.64950902367e-05
HLA-DPB1,CAU,29:01,1.31960624827e-05
HLA-DPB1,CAU,30:01,0.000124537931285
HLA-DPB1,CAU,318:01,2.4742635354e-06
HLA-DPB1,CAU,31:01,1.6495090236e-06
HLA-DPB1,CAU,32:01,6.598075468e-06
HLA-DPB1,CAU,33:01,3.87634620546e-05
HLA-DPB1,CAU,34:01,0.0003134067144912
HLA-DPB1,CAU,355:01,1.6495090236e-06
HLA-DPB1,CAU,35:01,0.0003447473859408
HLA-DPB1,CAU,36:01,2.88664079136e-05
HLA-DPB1,CAU,37:01,4.1237725591e-06
HLA-DPB1,CAU,38:01,3.2990180472e-06
HLA-DPB1,CAU,39:01,2.39178808428e-05
HLA-DPB1,CAU,40:01,1.97941082841e-05
HLA-DPB1,CAU,41:01,5.03100247436e-05
HLA-DPB1,CAU,45:01,0.0002548491441523
HLA-DPB1,CAU,46:01,0.0001014448049542
HLA-DPB1,CAU,47:01,4.70110070923e-05
HLA-DPB1,CAU,48:01,4.9485270708e-06
HLA-DPB1,CAU,49:01,7.4227906062e-06
HLA-DPB1,CAU,50:01,0.00010886759556
HLA-DPB1,CAU,51:01,0.0002070137421326
HLA-DPB1,CAU,52:01,2.80416534018e-05
HLA-DPB1,CAU,53:01,8.247545118e-07
HLA-DPB1,CAU,54:01,4.9485270709e-06
HLA-DPB1,CAU,55:01,3.2990180472e-06
HLA-DPB1,CAU,56:01,2.4742635354e-06
HLA-DPB1,CAU,57:01,1.56703357242e-05
HLA-DPB1,CAU,59:01,9.07229962999e-05
HLA-DPB1,CAU,60:01,8.247545118e-07
HLA-DPB1,CAU,61:01N,8.247545118e-07
HLA-DPB1,CAU,63:01,6.84546244808e-05
HLA-DPB1,CAU,64:01N,8.247545118e-06
HLA-DPB1,CAU,65:01,4.1237725591e-06
HLA-DPB1,CAU,66:01,1.56703357246e-05
HLA-DPB1,CAU,67:01,1.6495090236e-06
HLA-DPB1,CAU,68:01,4.1237725591e-06
HLA-DPB1,CAU,69:01,4.9485270709e-06
HLA-DPB1,CAU,70:01,1.6495090236e-06
HLA-DPB1,CAU,71:01,0.0001080428410482
HLA-DPB1,CAU,72:01,9.0722996298e-06
HLA-DPB1,CAU,73:01,1.6495090236e-06
HLA-DPB1,CAU,75:01,3.2990180472e-06
HLA-DPB1,CAU,76:01,4.9485270709e-06
HLA-DPB1,CAU,77:01,9.0722996216e-06
HLA-DPB1,CAU,78:01,3.46396894963e-05
HLA-DPB1,CAU,79:01,6.5980360944e-06
HLA-DPB1,CAU,80:01,1.15465621008e-05
HLA-DPB1,CAU,81:01,0.000106393879031
HLA-DPB1,CAU,82:01,5.7732815826e-06
HLA-DPB1,CAU,83:01,1.6495090236e-06
HLA-DPB1,CAU,84:01,8.247545118e-07
HLA-DPB1,CAU,85:01,1.81445992322e-05
HLA-DPB1,CAU,87:01,9.0722996298e-06
HLA-DPB1,CAU,88:01,4.61862489354e-05
HLA-DPB1,CAU,89:01,8.247545118e-07
HLA-DPB1,CAU,90:01,9.8970541416e-06
HLA-DPB1,CAU,91:01,9.8970541417e-06
HLA-DPB1,CAU,92:01,1.15465631655e-05
HLA-DPB1,CAU,93:01,4.123772559e-06
HLA-DPB1,CAU,97:01,2.4742635355e-06
HLA-DPB1,CAU,99:01,1.31960721891e-05
HLA-DPB1,FILII,01:01,0.36451048951049
HLA-DPB1,FILII,02:01,0.0542929249490835
HLA-DPB1,FILII,02:02,0.0165112618452363
HLA-DPB1,FILII,03:01,0.0251163475381321
HLA-DPB1,FILII,04:01,0.0566239316239318
HLA-DPB1,FILII,04:02,0.0163170163170161
HLA-DPB1,FILII,05:01,0.337606837606838
HLA-DPB1,FILII,06:01,0.0012626262626264
HLA-DPB1,FILII,09:01,0.0188422685899497
HLA-DPB1,FILII,10:01,0.0027195026546296
HLA-DPB1,FILII,11:01,0.0016511266381416
HLA-DPB1,FILII,13:01,0.0588968605768702
HLA-DPB1,FILII,14:01,0.015248639898411
HLA-DPB1,FILII,15:01,0.0008741258734407
HLA-DPB1,FILII,16:01,0.0002913752913753
HLA-DPB1,FILII,17:01,0.0036907536907533
HLA-DPB1,FILII,18:01,0.0003885002366889
HLA-DPB1,FILII,19:01,0.0041763790174359
HLA-DPB1,FILII,20:01,0.0003885002669303
HLA-DPB1,FILII,21:01,0.0043706241516641
HLA-DPB1,FILII,23:01,0.0006798756798757
HLA-DPB1,FILII,26:01,0.0013597513597516
HLA-DPB1,FILII,28:01,0.0075757575757573
HLA-DPB1,FILII,31:01,0.0048562548560427
HLA-DPB1,FILII,34:01,9.71250971251e-05
HLA-DPB1,FILII,35:01,9.71250971251e-05
HLA-DPB1,FILII,38:01,0.0001942501942502
HLA-DPB1,FILII,40:01,9.71250971251e-05
HLA-DPB1,FILII,41:01,0.0001942501942502
HLA-DPB1,FILII,45:01,9.71250971251e-05
HLA-DPB1,FILII,47:01,9.71250971251e-05
HLA-DPB1,FILII,48:01,0.0002913752913753
HLA-DPB1,FILII,55:01,0.0002913752913753
HLA-DPB1,FILII,63:01,9.71250971251e-05
HLA-DPB1,FILII,65:01,9.71250971251e-05
HLA-DPB1,FILII,71:01,9.71250971251e-05
HLA-DPB1,HAWI,01:01,0.0913705583756298
HLA-DPB1,HAWI,02:01,0.153252094672135
HLA-DPB1,HAWI,02:02,0.0157834164818717
HLA-DPB1,HAWI,03:01,0.0472081218274006
HLA-DPB1,HAWI,04:01,0.194923856716033
HLA-DPB1,HAWI,04:02,0.0573604060763894
HLA-DPB1,HAWI,05:01,0.321319796930681
HLA-DPB1,HAWI,06:01,0.0040609050430007
HLA-DPB1,HAWI,09:01,0.0152284263959358
HLA-DPB1,HAWI,100:01,0.000507614213198
HLA-DPB1,HAWI,10:01,0.0071065965003279
HLA-DPB1,HAWI,11:01,0.0081218274111675
HLA-DPB1,HAWI,13:01,0.023857868020186
HLA-DPB1,HAWI,14:01,0.0243654822334701
HLA-DPB1,HAWI,15:01,0.001522842639594
HLA-DPB1,HAWI,16:01,0.0030456851983903
HLA-DPB1,HAWI,17:01,0.00761421319797
HLA-DPB1,HAWI,18:01,0.001015228426396
HLA-DPB1,HAWI,19:01,0.0035532969256823
HLA-DPB1,HAWI,20:01,0.000507614213198
HLA-DPB1,HAWI,21:01,0.0010152284263959
HLA-DPB1,HAWI,23:01,0.002538071064403
HLA-DPB1,HAWI,26:01,0.001015228426396
HLA-DPB1,HAWI,28:01,0.002030456852792
HLA-DPB1,HAWI,29:01,0.000507614213198
HLA-DPB1,HAWI,30:01,0.0010152284263959
HLA-DPB1,HAWI,31:01,0.0086294416242913
HLA-DPB1,HAWI,40:01,0.000507614213198
HLA-DPB1,HAWI,41:01,0.000507614213198
HLA-DPB1,HAWI,56:01,0.000507614213198
HLA-DPB1,HIS,01:01,0.0518990183473132
HLA-DPB1,HIS,02:01,0.124400773900929
HLA-DPB1,HIS,02:02,0.00911243086593581
HLA-DPB1,HIS,03:01,0.0795423398371932
HLA-DPB1,HIS,04:01,0.301123780344763
HLA-DPB1,HIS,04:02,0.248868182314318
HLA-DPB1,HIS,05:01,0.021806439432613
HLA-DPB1,HIS,06:01,0.0099236719116719
HLA-DPB1,HIS,08:01,5.102144942e-06
HLA-DPB1,HIS,09:01,0.005918488132411
HLA-DPB1,HIS,100:01,4.0817159533e-05
HLA-DPB1,HIS,102:01,1.0204289883e-05
HLA-DPB1,HIS,108:01,3.57150145921e-05
HLA-DPB1,HIS,109:01,1.5306434825e-05
HLA-DPB1,HIS,10:01,0.0172095348884671
HLA-DPB1,HIS,110:01,1.0204289883e-05
HLA-DPB1,HIS,112:01,5.102144942e-06
HLA-DPB1,HIS,115:01,1.02042898835e-05
HLA-DPB1,HIS,116:01,1.0204289883e-05
HLA-DPB1,HIS,11:01,0.0220463682932305
HLA-DPB1,HIS,120:01N,1.0204289883e-05
HLA-DPB1,HIS,128:01,1.5306434825e-05
HLA-DPB1,HIS,129:01,5.102144942e-06
HLA-DPB1,HIS,130:01,1.0204289883e-05
HLA-DPB1,HIS,132:01,4.5919304476e-05
HLA-DPB1,HIS,137:01,5.102144942e-06
HLA-DPB1,HIS,13:01,0.0206781021284475
HLA-DPB1,HIS,147:01,5.102144942e-06
HLA-DPB1,HIS,14:01,0.027188586339186
HLA-DPB1,HIS,152:01,5.1021449417e-06
HLA-DPB1,HIS,153:01,2.5510724709e-05
HLA-DPB1,HIS,156:01,5.102144942e-06
HLA-DPB1,HIS,158:01,1.0204289883e-05
HLA-DPB1,HIS,15:01,0.0056225637257904
HLA-DPB1,HIS,16:01,0.0032857813424765
HLA-DPB1,HIS,173:01,5.102144942e-06
HLA-DPB1,HIS,17:01,0.0298223499130153
HLA-DPB1,HIS,189:01,5.102144942e-06
HLA-DPB1,HIS,18:01,0.0040511030837363
HLA-DPB1,HIS,19:01,0.0043878446498908
HLA-DPB1,HIS,20:01,0.0025000510214496
HLA-DPB1,HIS,210:01,1.0204289883e-05
HLA-DPB1,HIS,21:01,2.5510724709e-05
HLA-DPB1,HIS,221:01,5.102144942e-06
HLA-DPB1,HIS,23:01,0.0034898671401456
HLA-DPB1,HIS,240:01,1.0204289883e-05
HLA-DPB1,HIS,24:01,2.0408579767e-05
HLA-DPB1,HIS,25:01,5.1021449417e-06
HLA-DPB1,HIS,269:01,5.102144942e-06
HLA-DPB1,HIS,26:01,0.0001632686381358
HLA-DPB1,HIS,27:01,0.0006377681175414
HLA-DPB1,HIS,28:01,5.1021449225e-05
HLA-DPB1,HIS,29:01,0.0005408273638239
HLA-DPB1,HIS,30:01,0.0005613639919467
HLA-DPB1,HIS,31:01,5.102144942e-06
HLA-DPB1,HIS,329:01,5.102144942e-06
HLA-DPB1,HIS,32:01,5.102144942e-06
HLA-DPB1,HIS,33:01,2.0408579767e-05
HLA-DPB1,HIS,34:01,0.0004744994795811
HLA-DPB1,HIS,35:01,0.0004642950526206
HLA-DPB1,HIS,36:01,1.5306434825e-05
HLA-DPB1,HIS,38:01,5.102144942e-06
HLA-DPB1,HIS,39:01,0.0002806178221361
HLA-DPB1,HIS,40:01,0.0007602195963183
HLA-DPB1,HIS,41:01,5.6123594359e-05
HLA-DPB1,HIS,45:01,0.0002091879426114
HLA-DPB1,HIS,46:01,6.12257304441e-05
HLA-DPB1,HIS,47:01,5.102144942e-06
HLA-DPB1,HIS,48:01,1.0204289883e-05
HLA-DPB1,HIS,49:01,0.0004387844649888
HLA-DPB1,HIS,50:01,3.061286965e-05
HLA-DPB1,HIS,51:01,0.00011734933366
HLA-DPB1,HIS,52:01,1.0204289883e-05
HLA-DPB1,HIS,53:01,2.55107247087e-05
HLA-DPB1,HIS,55:01,8.16343190665e-05
HLA-DPB1,HIS,57:01,1.5306434825e-05
HLA-DPB1,HIS,59:01,1.5306434825e-05
HLA-DPB1,HIS,61:01N,5.1021449417e-06
HLA-DPB1,HIS,63:01,0.0004234780274915
HLA-DPB1,HIS,65:01,2.04085797669e-05
HLA-DPB1,HIS,68:01,5.102144942e-06
HLA-DPB1,HIS,69:01,1.0204289883e-05
HLA-DPB1,HIS,70:01,5.102144942e-06
HLA-DPB1,HIS,71:01,0.0001071450437766
HLA-DPB1,HIS,72:01,5.102144942e-06
HLA-DPB1,HIS,76:01,5.102144942e-06
HLA-DPB1,HIS,78:01,5.102144942e-06
HLA-DPB1,HIS,79:01,1.5306434825e-05
HLA-DPB1,HIS,80:01,0.0001071450437764
HLA-DPB1,HIS,81:01,4.5919304476e-05
HLA-DPB1,HIS,82:01,3.06128696504e-05
HLA-DPB1,HIS,85:01,0.0007755260311436
HLA-DPB1,HIS,86:01,5.102144942e-06
HLA-DPB1,HIS,88:01,1.5306434825e-05
HLA-DPB1,HIS,91:01,5.102144942e-06
HLA-DPB1,HIS,92:01,1.0204289883e-05
HLA-DPB1,HIS,93:01,2.55107247087e-05
HLA-DPB1,HIS,94:01,5.102144942e-06
HLA-DPB1,HIS,99:01,4.5919304476e-05
HLA-DPB1,JAPI,01:01,0.0049636002647256
HLA-DPB1,JAPI,02:01,0.229980145598941
HLA-DPB1,JAPI,02:02,0.0261416280608869
HLA-DPB1,JAPI,03:01,0.0509596293845129
HLA-DPB1,JAPI,04:01,0.0774321637913085
HLA-DPB1,JAPI,04:02,0.096624751818124
HLA-DPB1,JAPI,05:01,0.362011912640629
HLA-DPB1,JAPI,06:01,0.0052945069490404
HLA-DPB1,JAPI,09:01,0.0913302448709464
HLA-DPB1,JAPI,100:01,0.000330906684315
HLA-DPB1,JAPI,10:01,0.0023163467902042
HLA-DPB1,JAPI,11:01,0.0016545334098823
HLA-DPB1,JAPI,13:01,0.0172071475835155
HLA-DPB1,JAPI,14:01,0.0181998676373263
HLA-DPB1,JAPI,15:01,0.000330906684315
HLA-DPB1,JAPI,17:01,0.003639973527449
HLA-DPB1,JAPI,19:01,0.0052945069490404
HLA-DPB1,JAPI,20:01,0.000992720052945
HLA-DPB1,JAPI,21:01,0.0003309066843147
HLA-DPB1,JAPI,23:01,0.000992720052945
HLA-DPB1,JAPI,26:01,0.0003309066843147
HLA-DPB1,JAPI,29:01,0.0003309066843147
HLA-DPB1,JAPI,30:01,0.0003309066843147
HLA-DPB1,JAPI,36:01,0.000330906684315
HLA-DPB1,JAPI,38:01,0.00066181336863
HLA-DPB1,JAPI,41:01,0.00066181336863
HLA-DPB1,JAPI,47:01,0.0013236267372597
HLA-DPB1,KORI,01:01,0.0013515948819609
HLA-DPB1,KORI,02:01,0.258278087678473
HLA-DPB1,KORI,02:02,0.0482636314594628
HLA-DPB1,KORI,03:01,0.0367633807885489
HLA-DPB1,KORI,04:01,0.076680482914469
HLA-DPB1,KORI,04:02,0.0819066497285017
HLA-DPB1,KORI,05:01,0.357451792846237
HLA-DPB1,KORI,06:01,0.0008109569291761
HLA-DPB1,KORI,09:01,0.0267615769131063
HLA-DPB1,KORI,100:01,0.000450531613657
HLA-DPB1,KORI,109:01,4.5053162732e-05
HLA-DPB1,KORI,10:01,0.0008109569291455
HLA-DPB1,KORI,13:01,0.0572175166610443
HLA-DPB1,KORI,14:01,0.0178410513126028
HLA-DPB1,KORI,15:01,0.0014417012074233
HLA-DPB1,KORI,16:01,9.01063254636e-05
HLA-DPB1,KORI,17:01,0.0173905196235452
HLA-DPB1,KORI,18:01,0.0001802126509281
HLA-DPB1,KORI,19:01,0.0048657415255605
HLA-DPB1,KORI,21:01,0.000360425301856
HLA-DPB1,KORI,23:01,0.0001802126509281
HLA-DPB1,KORI,26:01,9.01063254636e-05
HLA-DPB1,KORI,29:01,0.0035141466552357
HLA-DPB1,KORI,36:01,0.0008109569288696
HLA-DPB1,KORI,38:01,0.0024328707875119
HLA-DPB1,KORI,41:01,0.0014417012074239
HLA-DPB1,KORI,45:01,0.0008109569291455
HLA-DPB1,KORI,47:01,0.0007208490850058
HLA-DPB1,KORI,48:01,0.0008109569291761
HLA-DPB1,KORI,51:01,9.01063254636e-05
HLA-DPB1,KORI,65:01,9.0106325464e-05
HLA-DPB1,KORI,93:01,4.5053162732e-05
HLA-DPB1,MENAFC,01:01,0.0253968253968251
HLA-DPB1,MENAFC,02:01,0.19640667749873
HLA-DPB1,MENAFC,02:02,0.0022045855379187
HLA-DPB1,MENAFC,03:01,0.0809080975213495
HLA-DPB1,MENAFC,04:01,0.380785348773032
HLA-DPB1,MENAFC,04:02,0.140896300504754
HLA-DPB1,MENAFC,05:01,0.0145943554137287
HLA-DPB1,MENAFC,06:01,0.0052910052910053
HLA-DPB1,MENAFC,09:01,0.0111552028218695
HLA-DPB1,MENAFC,10:01,0.0166225749559084
HLA-DPB1,MENAFC,115:01,4.40917107584e-05
HLA-DPB1,MENAFC,116:01,4.40917107588e-05
HLA-DPB1,MENAFC,11:01,0.0102733686067021
HLA-DPB1,MENAFC,130:01,4.40917107588e-05
HLA-DPB1,MENAFC,13:01,0.0310846560846562
HLA-DPB1,MENAFC,144:01,4.40917107588e-05
HLA-DPB1,MENAFC,14:01,0.0252538257731511
HLA-DPB1,MENAFC,15:01,0.0077160493827163
HLA-DPB1,MENAFC,16:01,0.0026895943562611
HLA-DPB1,MENAFC,17:01,0.027116402116402
HLA-DPB1,MENAFC,18:01,0.0004409171075835
HLA-DPB1,MENAFC,19:01,0.0035714285370051
HLA-DPB1,MENAFC,20:01,0.0016313932980599
HLA-DPB1,MENAFC,21:01,0.0001763668430334
HLA-DPB1,MENAFC,23:01,0.0066578483245146
HLA-DPB1,MENAFC,24:01,8.81834215167e-05
HLA-DPB1,MENAFC,26:01,0.002160493769964
HLA-DPB1,MENAFC,28:01,0.0001322751322755
HLA-DPB1,MENAFC,29:01,4.40917107588e-05
HLA-DPB1,MENAFC,30:01,0.0012345679012349
HLA-DPB1,MENAFC,34:01,0.0005731922398589
HLA-DPB1,MENAFC,35:01,0.0003968253968163
HLA-DPB1,MENAFC,36:01,4.40917107588e-05
HLA-DPB1,MENAFC,37:01,4.40917107588e-05
HLA-DPB1,MENAFC,39:01,0.0001322751322755
HLA-DPB1,MENAFC,40:01,0.0001322751322755
HLA-DPB1,MENAFC,41:01,0.0001763668430335
HLA-DPB1,MENAFC,45:01,0.0004409171075835
HLA-DPB1,MENAFC,46:01,0.0003527336860668
HLA-DPB1,MENAFC,47:01,0.0003086419753086
HLA-DPB1,MENAFC,48:01,4.40917107588e-05
HLA-DPB1,MENAFC,49:01,4.40917107588e-05
HLA-DPB1,MENAFC,50:01,8.81834215167e-05
HLA-DPB1,MENAFC,51:01,4.40917107588e-05
HLA-DPB1,MENAFC,59:01,4.40917107588e-05
HLA-DPB1,MENAFC,63:01,4.40917107588e-05
HLA-DPB1,MENAFC,67:01,4.40917107588e-05
HLA-DPB1,MENAFC,70:01,4.40917107584e-05
HLA-DPB1,MENAFC,71:01,4.40917107588e-05
HLA-DPB1,MENAFC,78:01,0.0002645502645503
HLA-DPB1,MENAFC,79:01,4.40917107588e-05
HLA-DPB1,MENAFC,80:01,4.40917107588e-05
HLA-DPB1,MENAFC,81:01,0.000837933350499
HLA-DPB1,MENAFC,82:01,4.40917107588e-05
HLA-DPB1,MENAFC,85:01,8.81834215168e-05
HLA-DPB1,MENAFC,88:01,0.0002645502645501
HLA-DPB1,MENAFC,91:01,0.0004409171075838
HLA-DPB1,MENAFC,99:01,0.0002204585537919
HLA-DPB1,MSWHIS,01:01,0.0462323865262889
HLA-DPB1,MSWHIS,02:01,0.120747033690958
HLA-DPB1,MSWHIS,02:02,0.0090492700149497
HLA-DPB1,MSWHIS,03:01,0.0829500967357849
HLA-DPB1,MSWHIS,04:01,0.330244821791293
HLA-DPB1,MSWHIS,04:02,0.242965919013678
HLA-DPB1,MSWHIS,05:01,0.0228215937890552
HLA-DPB1,MSWHIS,06:01,0.0115938802124748
HLA-DPB1,MSWHIS,09:01,0.0057889881145776
HLA-DPB1,MSWHIS,100:01,3.18076274688e-05
HLA-DPB1,MSWHIS,102:01,1.59038137344e-05
HLA-DPB1,MSWHIS,108:01,4.7711441204e-05
HLA-DPB1,MSWHIS,109:01,3.18076274688e-05
HLA-DPB1,MSWHIS,10:01,0.0166831006075256
HLA-DPB1,MSWHIS,110:01,3.18076274688e-05
HLA-DPB1,MSWHIS,115:01,1.59038137344e-05
HLA-DPB1,MSWHIS,116:01,3.18076274688e-05
HLA-DPB1,MSWHIS,11:01,0.0197525366582906
HLA-DPB1,MSWHIS,120:01N,1.59038137344e-05
HLA-DPB1,MSWHIS,132:01,3.18076274688e-05
HLA-DPB1,MSWHIS,13:01,0.0176214256178633
HLA-DPB1,MSWHIS,14:01,0.020525253231532
HLA-DPB1,MSWHIS,152:01,1.59038137345e-05
HLA-DPB1,MSWHIS,158:01,3.18076274688e-05
HLA-DPB1,MSWHIS,15:01,0.0061706797289992
HLA-DPB1,MSWHIS,16:01,0.0038328191100228
HLA-DPB1,MSWHIS,17:01,0.0241897006902256
HLA-DPB1,MSWHIS,18:01,0.0022265339228349
HLA-DPB1,MSWHIS,19:01,0.0043099335220586
HLA-DPB1,MSWHIS,20:01,0.0030535322370302
HLA-DPB1,MSWHIS,210:01,1.59038137344e-05
HLA-DPB1,MSWHIS,21:01,1.59038137344e-05
HLA-DPB1,MSWHIS,23:01,0.0040872801297749
HLA-DPB1,MSWHIS,240:01,3.18076274688e-05
HLA-DPB1,MSWHIS,26:01,9.54228824072e-05
HLA-DPB1,MSWHIS,27:01,0.0001431343236108
HLA-DPB1,MSWHIS,28:01,4.7711441204e-05
HLA-DPB1,MSWHIS,29:01,9.54228824072e-05
HLA-DPB1,MSWHIS,30:01,0.000557012400709
HLA-DPB1,MSWHIS,329:01,1.59038137344e-05
HLA-DPB1,MSWHIS,34:01,0.0005566334779947
HLA-DPB1,MSWHIS,35:01,0.0004294029708198
HLA-DPB1,MSWHIS,36:01,1.59038137344e-05
HLA-DPB1,MSWHIS,39:01,0.0001113266961416
HLA-DPB1,MSWHIS,40:01,0.00034988390216
HLA-DPB1,MSWHIS,41:01,7.95190686728e-05
HLA-DPB1,MSWHIS,45:01,0.0002862686440241
HLA-DPB1,MSWHIS,46:01,0.0001113266961417
HLA-DPB1,MSWHIS,48:01,1.59038137344e-05
HLA-DPB1,MSWHIS,49:01,0.0003657877158942
HLA-DPB1,MSWHIS,50:01,3.18076274688e-05
HLA-DPB1,MSWHIS,51:01,0.0001113266961416
HLA-DPB1,MSWHIS,52:01,1.59038137344e-05
HLA-DPB1,MSWHIS,55:01,9.54228824072e-05
HLA-DPB1,MSWHIS,57:01,1.59038137344e-05
HLA-DPB1,MSWHIS,61:01N,1.59038137345e-05
HLA-DPB1,MSWHIS,63:01,0.0002544610197528
HLA-DPB1,MSWHIS,65:01,3.18076274688e-05
HLA-DPB1,MSWHIS,71:01,0.0002226533922756
HLA-DPB1,MSWHIS,78:01,1.59038137344e-05
HLA-DPB1,MSWHIS,79:01,1.59038137344e-05
HLA-DPB1,MSWHIS,80:01,6.36152549384e-05
HLA-DPB1,MSWHIS,81:01,6.36152549384e-05
HLA-DPB1,MSWHIS,85:01,0.0004930182254694
HLA-DPB1,MSWHIS,93:01,3.18076274691e-05
HLA-DPB1,MSWHIS,99:01,3.18076274688e-05
HLA-DPB1,NAM,01:01,0.0592689822294023
HLA-DPB1,NAM,02:01,0.136510498012147
HLA-DPB1,NAM,02:02,0.0063610662358646
HLA-DPB1,NAM,03:01,0.0869991966594426
HLA-DPB1,NAM,04:01,0.380856219709209
HLA-DPB1,NAM,04:02,0.162459612267652
HLA-DPB1,NAM,05:01,0.0290791574267401
HLA-DPB1,NAM,06:01,0.0087843288137376
HLA-DPB1,NAM,09:01,0.0071688206615878
HLA-DPB1,NAM,10:01,0.015953146723534
HLA-DPB1,NAM,11:01,0.0113085621970249
HLA-DPB1,NAM,13:01,0.0239297253351694
HLA-DPB1,NAM,14:01,0.018614693379179
HLA-DPB1,NAM,15:01,0.0053513731825522
HLA-DPB1,NAM,16:01,0.0046445880449812
HLA-DPB1,NAM,17:01,0.0144386106567603
HLA-DPB1,NAM,18:01,0.0042407075269816
HLA-DPB1,NAM,19:01,0.0048465264641849
HLA-DPB1,NAM,20:01,0.0053513722092348
HLA-DPB1,NAM,21:01,0.0004038772213251
HLA-DPB1,NAM,23:01,0.0045436180204738
HLA-DPB1,NAM,26:01,0.0036348949919156
HLA-DPB1,NAM,28:01,0.0004038772213251
HLA-DPB1,NAM,29:01,0.0001009693053315
HLA-DPB1,NAM,30:01,0.0001009693053315
HLA-DPB1,NAM,34:01,0.0003029079159936
HLA-DPB1,NAM,35:01,0.0003029079159936
HLA-DPB1,NAM,38:01,0.0001009693053315
HLA-DPB1,NAM,39:01,0.0001009693053315
HLA-DPB1,NAM,40:01,0.0006058158319872
HLA-DPB1,NAM,41:01,0.0003029079159936
HLA-DPB1,NAM,45:01,0.0001009693053315
HLA-DPB1,NAM,46:01,0.0001009693053315
HLA-DPB1,NAM,47:01,0.0001009693053315
HLA-DPB1,NAM,49:01,0.0003029079159936
HLA-DPB1,NAM,51:01,0.0005048465266557
HLA-DPB1,NAM,71:01,0.0002019386106624
HLA-DPB1,NAM,78:01,0.0001009693053315
HLA-DPB1,NAM,79:01,0.0001009693053312
HLA-DPB1,NAM,81:01,0.0001009693053315
HLA-DPB1,NAM,85:01,0.0013126009693054
HLA-DPB1,NAMER,01:01,0.0515300754815798
HLA-DPB1,NAMER,02:01,0.133997334691331
HLA-DPB1,NAMER,02:02,0.0061516428467027
HLA-DPB1,NAMER,03:01,0.102744869093522
HLA-DPB1,NAMER,04:01,0.426326491836632
HLA-DPB1,NAMER,04:02,0.116399129850829
HLA-DPB1,NAMER,05:01,0.0203190086547927
HLA-DPB1,NAMER,06:01,0.0186521737132985
HLA-DPB1,NAMER,09:01,0.0063100395554719
HLA-DPB1,NAMER,100:01,4.5941314563e-06
HLA-DPB1,NAMER,102:01,2.2970657286e-06
HLA-DPB1,NAMER,108:01,9.1882629126e-06
HLA-DPB1,NAMER,109:01,1.83765257427e-05
HLA-DPB1,NAMER,10:01,0.0170651662469158
HLA-DPB1,NAMER,110:01,9.188262913e-06
HLA-DPB1,NAMER,111:01,2.2970657286e-06
HLA-DPB1,NAMER,112:01,2.06735915538e-05
HLA-DPB1,NAMER,115:01,1.14853286412e-05
HLA-DPB1,NAMER,116:01,1.14853286412e-05
HLA-DPB1,NAMER,11:01,0.0211337884619398
HLA-DPB1,NAMER,122:01,2.2970657286e-06
HLA-DPB1,NAMER,127:01,4.5941314563e-06
HLA-DPB1,NAMER,128:01,1.37823943698e-05
HLA-DPB1,NAMER,129:01,4.5941314563e-06
HLA-DPB1,NAMER,130:01,2.75647887387e-05
HLA-DPB1,NAMER,132:01,4.5941314565e-06
HLA-DPB1,NAMER,136:01,2.2970657286e-06
HLA-DPB1,NAMER,13:01,0.0178692997638657
HLA-DPB1,NAMER,145:01,2.2970657286e-06
HLA-DPB1,NAMER,146:01,2.2970657286e-06
HLA-DPB1,NAMER,149:01,1.14853286412e-05
HLA-DPB1,NAMER,14:01,0.0139193090944228
HLA-DPB1,NAMER,158:01,4.5941314563e-06
HLA-DPB1,NAMER,15:01,0.0075137019970691
HLA-DPB1,NAMER,161:01N,2.2970657286e-06
HLA-DPB1,NAMER,16:01,0.0060366887338114
HLA-DPB1,NAMER,177:01,4.5941314563e-06
HLA-DPB1,NAMER,17:01,0.0142213547226622
HLA-DPB1,NAMER,185:01,2.2970657286e-06
HLA-DPB1,NAMER,18:01,0.0001745769752962
HLA-DPB1,NAMER,191:01,4.5941314563e-06
HLA-DPB1,NAMER,19:01,0.0059953415507032
HLA-DPB1,NAMER,209:01,2.2970657286e-06
HLA-DPB1,NAMER,20:01,0.00546471936748
HLA-DPB1,NAMER,214:01,2.2970657286e-06
HLA-DPB1,NAMER,215:01,2.2970657286e-06
HLA-DPB1,NAMER,21:01,1.37823943698e-05
HLA-DPB1,NAMER,220:01,4.5941314563e-06
HLA-DPB1,NAMER,235:01,2.2970657286e-06
HLA-DPB1,NAMER,238:01,2.2970657286e-06
HLA-DPB1,NAMER,23:01,0.0054854223223138
HLA-DPB1,NAMER,24:01,4.59413145648e-05
HLA-DPB1,NAMER,25:01,1.60794600975e-05
HLA-DPB1,NAMER,26:01,0.0001493092723354
HLA-DPB1,NAMER,27:01,1.60794600975e-05
HLA-DPB1,NAMER,28:01,1.8376525701e-05
HLA-DPB1,NAMER,29:01,2.2970657286e-06
HLA-DPB1,NAMER,30:01,0.0001194474178681
HLA-DPB1,NAMER,318:01,4.5941314563e-06
HLA-DPB1,NAMER,32:01,2.2970657286e-06
HLA-DPB1,NAMER,33:01,4.59413145615e-05
HLA-DPB1,NAMER,34:01,0.0003238862676817
HLA-DPB1,NAMER,355:01,2.2970657286e-06
HLA-DPB1,NAMER,35:01,0.000362936385062
HLA-DPB1,NAMER,36:01,2.75647887387e-05
HLA-DPB1,NAMER,37:01,2.2970657286e-06
HLA-DPB1,NAMER,38:01,2.2970657286e-06
HLA-DPB1,NAMER,39:01,3.905011738e-05
HLA-DPB1,NAMER,40:01,2.29706572824e-05
HLA-DPB1,NAMER,41:01,5.05353919097e-05
HLA-DPB1,NAMER,45:01,0.0002365977700085
HLA-DPB1,NAMER,46:01,8.03972984131e-05
HLA-DPB1,NAMER,47:01,2.0673590664e-05
HLA-DPB1,NAMER,48:01,2.2970657286e-06
HLA-DPB1,NAMER,49:01,6.8911971849e-06
HLA-DPB1,NAMER,50:01,5.74266413549e-05
HLA-DPB1,NAMER,51:01,0.0001952516354027
HLA-DPB1,NAMER,52:01,2.98618544671e-05
HLA-DPB1,NAMER,53:01,2.2970657286e-06
HLA-DPB1,NAMER,55:01,6.8911971849e-06
HLA-DPB1,NAMER,57:01,1.14853286412e-05
HLA-DPB1,NAMER,59:01,6.43178403735e-05
HLA-DPB1,NAMER,63:01,7.12090375757e-05
HLA-DPB1,NAMER,64:01N,2.06735915538e-05
HLA-DPB1,NAMER,65:01,6.8911971847e-06
HLA-DPB1,NAMER,66:01,6.8911971847e-06
HLA-DPB1,NAMER,67:01,2.2970657286e-06
HLA-DPB1,NAMER,68:01,2.2970657282e-06
HLA-DPB1,NAMER,69:01,4.5941314563e-06
HLA-DPB1,NAMER,70:01,2.2970657286e-06
HLA-DPB1,NAMER,71:01,9.4179694858e-05
HLA-DPB1,NAMER,72:01,2.29706572824e-05
HLA-DPB1,NAMER,73:01,2.2970657286e-06
HLA-DPB1,NAMER,77:01,9.1882629126e-06
HLA-DPB1,NAMER,78:01,3.44559859236e-05
HLA-DPB1,NAMER,79:01,1.14853286412e-05
HLA-DPB1,NAMER,80:01,4.5941314565e-06
HLA-DPB1,NAMER,81:01,0.0001010708920427
HLA-DPB1,NAMER,82:01,4.5941314563e-06
HLA-DPB1,NAMER,85:01,2.52676867921e-05
HLA-DPB1,NAMER,87:01,4.5941314563e-06
HLA-DPB1,NAMER,88:01,2.52677230106e-05
HLA-DPB1,NAMER,89:01,2.2970657286e-06
HLA-DPB1,NAMER,90:01,9.1882629126e-06
HLA-DPB1,NAMER,91:01,2.2970657286e-06
HLA-DPB1,NAMER,92:01,2.06735915541e-05
HLA-DPB1,NAMER,93:01,4.5941314563e-06
HLA-DPB1,NAMER,99:01,1.14853286412e-05
HLA-DPB1,NCHI,01:01,0.0026431323358124
HLA-DPB1,NCHI,02:01,0.161298940296953
HLA-DPB1,NCHI,02:02,0.071736753169672
HLA-DPB1,NCHI,03:01,0.0501067765331616
HLA-DPB1,NCHI,04:01,0.0862167264805393
HLA-DPB1,NCHI,04:02,0.0297543724908975
HLA-DPB1,NCHI,05:01,0.419608751624996
HLA-DPB1,NCHI,06:01,0.0001791954124365
HLA-DPB1,NCHI,09:01,0.0117074144820993
HLA-DPB1,NCHI,100:01,0.0005375862377923
HLA-DPB1,NCHI,109:01,4.47988531494e-05
HLA-DPB1,NCHI,10:01,0.0011199713286351
HLA-DPB1,NCHI,116:01,4.47988531491e-05
HLA-DPB1,NCHI,11:01,4.47988531491e-05
HLA-DPB1,NCHI,13:01,0.0692041143044849
HLA-DPB1,NCHI,14:01,0.0234596833926886
HLA-DPB1,NCHI,15:01,0.0005823827710326
HLA-DPB1,NCHI,166:01,0.0001343965594481
HLA-DPB1,NCHI,16:01,0.000134396559448
HLA-DPB1,NCHI,17:01,0.0222202311620824
HLA-DPB1,NCHI,18:01,4.47988531491e-05
HLA-DPB1,NCHI,19:01,0.0107517247498833
HLA-DPB1,NCHI,21:01,0.0274933201635154
HLA-DPB1,NCHI,23:01,0.0002239942657464
HLA-DPB1,NCHI,24:01,4.47988531491e-05
HLA-DPB1,NCHI,25:01,0.000134396559448
HLA-DPB1,NCHI,26:01,0.0007167812785852
HLA-DPB1,NCHI,28:01,0.0008511758092991
HLA-DPB1,NCHI,30:01,4.47988531491e-05
HLA-DPB1,NCHI,31:01,0.0012543678560952
HLA-DPB1,NCHI,32:01,2.57099635538e-05
HLA-DPB1,NCHI,34:01,4.47988531491e-05
HLA-DPB1,NCHI,357:01N,4.47988531491e-05
HLA-DPB1,NCHI,36:01,0.0002239942657468
HLA-DPB1,NCHI,38:01,0.0022399423532832
HLA-DPB1,NCHI,41:01,0.0022399426573658
HLA-DPB1,NCHI,45:01,0.0003135919720371
HLA-DPB1,NCHI,47:01,0.0004479885314937
HLA-DPB1,NCHI,48:01,0.0016575575665263
HLA-DPB1,NCHI,51:01,4.47988531494e-05
HLA-DPB1,NCHI,57:01,4.47988531491e-05
HLA-DPB1,NCHI,81:01,4.47988531491e-05
HLA-DPB1,NCHI,82:01,1.90940881532e-05
HLA-DPB1,NCHI,85:01,4.47988531491e-05
HLA-DPB1,NCHI,91:01,4.47988531491e-05
HLA-DPB1,NCHI,93:01,0.0001791954125973
HLA-DPB1,SCAHIS,01:01,0.0511245310619999
HLA-DPB1,SCAHIS,02:01,0.126128001951208
HLA-DPB1,SCAHIS,02:02,0.0105164514785507
HLA-DPB1,SCAHIS,03:01,0.0733136724217628
HLA-DPB1,SCAHIS,04:01,0.260657240864387
HLA-DPB1,SCAHIS,04:02,0.276761956535244
HLA-DPB1,SCAHIS,05:01,0.022594752186589
HLA-DPB1,SCAHIS,06:01,0.007635707344162
HLA-DPB1,SCAHIS,09:01,0.0053797012743664
HLA-DPB1,SCAHIS,100:01,6.94155213106e-05
HLA-DPB1,SCAHIS,108:01,6.94155213104e-05
HLA-DPB1,SCAHIS,10:01,0.0178744959718394
HLA-DPB1,SCAHIS,112:01,3.47077606552e-05
HLA-DPB1,SCAHIS,11:01,0.0237401078220504
HLA-DPB1,SCAHIS,128:01,3.47077606552e-05
HLA-DPB1,SCAHIS,137:01,3.47077606552e-05
HLA-DPB1,SCAHIS,13:01,0.0257712124873005
HLA-DPB1,SCAHIS,14:01,0.0391518940081811
HLA-DPB1,SCAHIS,153:01,0.0001041232819656
HLA-DPB1,SCAHIS,15:01,0.0037137303888377
HLA-DPB1,SCAHIS,16:01,0.0028113286130774
HLA-DPB1,SCAHIS,17:01,0.0303692905733721
HLA-DPB1,SCAHIS,18:01,0.0046855476884631
HLA-DPB1,SCAHIS,19:01,0.0041649312786338
HLA-DPB1,SCAHIS,20:01,0.0017006802721091
HLA-DPB1,SCAHIS,21:01,3.47077606552e-05
HLA-DPB1,SCAHIS,23:01,0.0028807441343887
HLA-DPB1,SCAHIS,24:01,0.0001041232819656
HLA-DPB1,SCAHIS,25:01,3.47077606553e-05
HLA-DPB1,SCAHIS,26:01,0.0001735388032768
HLA-DPB1,SCAHIS,27:01,0.0009024017770374
HLA-DPB1,SCAHIS,28:01,0.0001041232819658
HLA-DPB1,SCAHIS,29:01,0.0007635706128709
HLA-DPB1,SCAHIS,30:01,0.0008676940163824
HLA-DPB1,SCAHIS,33:01,3.47077606552e-05
HLA-DPB1,SCAHIS,34:01,0.0005206164098292
HLA-DPB1,SCAHIS,35:01,0.0006594474524503
HLA-DPB1,SCAHIS,39:01,0.0005206164097994
HLA-DPB1,SCAHIS,40:01,0.0010065250590032
HLA-DPB1,SCAHIS,41:01,6.94155213104e-05
HLA-DPB1,SCAHIS,45:01,0.0001388310426208
HLA-DPB1,SCAHIS,46:01,6.94155213104e-05
HLA-DPB1,SCAHIS,47:01,3.47077606552e-05
HLA-DPB1,SCAHIS,49:01,0.000381785367208
HLA-DPB1,SCAHIS,51:01,6.94155213104e-05
HLA-DPB1,SCAHIS,53:01,6.94155213106e-05
HLA-DPB1,SCAHIS,55:01,0.0001041232819658
HLA-DPB1,SCAHIS,63:01,0.0004164928647331
HLA-DPB1,SCAHIS,65:01,3.47077606552e-05
HLA-DPB1,SCAHIS,71:01,0.0001041232819656
HLA-DPB1,SCAHIS,79:01,3.47077606552e-05
HLA-DPB1,SCAHIS,80:01,0.0001388310426208
HLA-DPB1,SCAHIS,81:01,3.47077606552e-05
HLA-DPB1,SCAHIS,82:01,0.0001388310426208
HLA-DPB1,SCAHIS,85:01,0.0010759405803139
HLA-DPB1,SCAHIS,99:01,3.47077606552e-05
HLA-DPB1,SCAMB,01:01,0.265415549597855
HLA-DPB1,SCAMB,02:01,0.12332439539802
HLA-DPB1,SCAMB,02:02,0.002680965147453
HLA-DPB1,SCAMB,03:01,0.0509383377965674
HLA-DPB1,SCAMB,04:01,0.126005361930295
HLA-DPB1,SCAMB,04:02,0.138069705093834
HLA-DPB1,SCAMB,05:01,0.0080428954423579
HLA-DPB1,SCAMB,06:01,0.00402144772118
HLA-DPB1,SCAMB,09:01,0.0040214477211797
HLA-DPB1,SCAMB,10:01,0.0067024128686327
HLA-DPB1,SCAMB,11:01,0.0254691685062806
HLA-DPB1,SCAMB,13:01,0.046916890080429
HLA-DPB1,SCAMB,14:01,0.0214477211796247
HLA-DPB1,SCAMB,15:01,0.0053619302949062
HLA-DPB1,SCAMB,16:01,0.001340482573727
HLA-DPB1,SCAMB,17:01,0.0630026809651474
HLA-DPB1,SCAMB,18:01,0.0656836461126006
HLA-DPB1,SCAMB,19:01,0.0040214477211796
HLA-DPB1,SCAMB,20:01,0.002680965147453
HLA-DPB1,SCAMB,23:01,0.001340482573727
HLA-DPB1,SCAMB,29:01,0.002680965147453
HLA-DPB1,SCAMB,30:01,0.002680965147453
HLA-DPB1,SCAMB,39:01,0.0013404825737265
HLA-DPB1,SCAMB,40:01,0.008042895442359
HLA-DPB1,SCAMB,46:01,0.001340482573727
HLA-DPB1,SCAMB,49:01,0.0013404825737265
HLA-DPB1,SCAMB,63:01,0.001340482573727
HLA-DPB1,SCAMB,83:01,0.001340482573727
HLA-DPB1,SCAMB,85:01,0.0134048257372654
HLA-DPB1,SCSEAI,01:01,0.0202177293934662
HLA-DPB1,SCSEAI,02:01,0.161704785119374
HLA-DPB1,SCSEAI,02:02,0.0323631994760905
HLA-DPB1,SCSEAI,03:01,0.0518409999268567
HLA-DPB1,SCSEAI,04:01,0.256423829987492
HLA-DPB1,SCSEAI,04:02,0.0654299044623691
HLA-DPB1,SCSEAI,05:01,0.150299933326312
HLA-DPB1,SCSEAI,06:01,0.0003332592757164
HLA-DPB1,SCSEAI,09:01,0.0352143967564276
HLA-DPB1,SCSEAI,100:01,0.0001110864252388
HLA-DPB1,SCSEAI,10:01,0.0067762719395491
HLA-DPB1,SCSEAI,11:01,0.0004443457009552
HLA-DPB1,SCSEAI,125:01,0.0001110864252388
HLA-DPB1,SCSEAI,13:01,0.0917573872467148
HLA-DPB1,SCSEAI,14:01,0.035103310366356
HLA-DPB1,SCSEAI,150:01,0.0002221728504776
HLA-DPB1,SCSEAI,15:01,0.0039991113077286
HLA-DPB1,SCSEAI,16:01,0.0031104199066873
HLA-DPB1,SCSEAI,17:01,0.0168851366358358
HLA-DPB1,SCSEAI,18:01,0.0003332592757164
HLA-DPB1,SCSEAI,19:01,0.002666074187479
HLA-DPB1,SCSEAI,21:01,0.0144412352810198
HLA-DPB1,SCSEAI,23:01,0.0002221728504776
HLA-DPB1,SCSEAI,25:01,0.0001110864252388
HLA-DPB1,SCSEAI,26:01,0.0304376805154408
HLA-DPB1,SCSEAI,28:01,0.0099977775234014
HLA-DPB1,SCSEAI,29:01,0.0007776049766716
HLA-DPB1,SCSEAI,30:01,0.0002221728504776
HLA-DPB1,SCSEAI,31:01,0.0029993334789102
HLA-DPB1,SCSEAI,33:01,0.0001110864252388
HLA-DPB1,SCSEAI,36:01,0.0002221728504776
HLA-DPB1,SCSEAI,38:01,0.0003332592757164
HLA-DPB1,SCSEAI,39:01,0.0001110864252388
HLA-DPB1,SCSEAI,40:01,0.0001110864252388
HLA-DPB1,SCSEAI,41:01,0.0002221728504776
HLA-DPB1,SCSEAI,45:01,0.0003332592757165
HLA-DPB1,SCSEAI,46:01,0.0002221728504777
HLA-DPB1,SCSEAI,48:01,0.0007776049766716
HLA-DPB1,SCSEAI,51:01,0.0001110864252388
HLA-DPB1,SCSEAI,57:01,0.0001110864252388
HLA-DPB1,SCSEAI,65:01,0.0001110864252388
HLA-DPB1,SCSEAI,68:01,0.0001110864252388
HLA-DPB1,SCSEAI,78:01,0.0001110864252388
HLA-DPB1,SCSEAI,80:01,0.0001110864252388
HLA-DPB1,SCSEAI,85:01,0.0001110864252388
HLA-DPB1,SCSEAI,91:01,0.0003332592757165
HLA-DPB1,SCSEAI,93:01,0.0018884692290602
HLA-DPB1,VIET,01:01,0.0058590888260176
HLA-DPB1,VIET,02:01,0.102021385031825
HLA-DPB1,VIET,02:02,0.0738977581946714
HLA-DPB1,VIET,03:01,0.0925387397113863
HLA-DPB1,VIET,04:01,0.0943313275927497
HLA-DPB1,VIET,04:02,0.0221180600006174
HLA-DPB1,VIET,05:01,0.364609681538755
HLA-DPB1,VIET,06:01,0.0001464772227919
HLA-DPB1,VIET,09:01,0.0054928958546946
HLA-DPB1,VIET,10:01,0.0025633498103451
HLA-DPB1,VIET,11:01,0.0002197158245924
HLA-DPB1,VIET,13:01,0.112062062141641
HLA-DPB1,VIET,140:01,7.32386113959e-05
HLA-DPB1,VIET,14:01,0.0353742479644015
HLA-DPB1,VIET,15:01,0.0004394316683755
HLA-DPB1,VIET,166:01,7.32386113954e-05
HLA-DPB1,VIET,16:01,7.32386113954e-05
HLA-DPB1,VIET,17:01,0.0069576674829772
HLA-DPB1,VIET,19:01,0.0085689168996027
HLA-DPB1,VIET,20:01,0.0002197158341878
HLA-DPB1,VIET,21:01,0.0498754935870751
HLA-DPB1,VIET,22:01,7.32386113954e-05
HLA-DPB1,VIET,26:01,0.0086421538213852
HLA-DPB1,VIET,28:01,0.0062985205516133
HLA-DPB1,VIET,31:01,0.0042478365624113
HLA-DPB1,VIET,36:01,0.0010985791705238
HLA-DPB1,VIET,38:01,0.0005126700122835
HLA-DPB1,VIET,41:01,0.0002197158341873
HLA-DPB1,VIET,47:01,0.0002197158341878
HLA-DPB1,VIET,48:01,0.0010985791709386
HLA-DPB1,VIET,71:01,7.32386113959e-05
